Source,Title,Type,Role,Major Contents,Artifact,Stage,Status,Description,Component,Inputs,Outputs,Dependencies,Consumers,Claim / Result,Evidence,Verification State,Test,Input,Expected Result,Actual Result,Atom / Record,Plane,Binding,X,Y,Z,R,Receptor,Payload,Version,Contents,Missing / Unresolved Item,Why It Matters,Source Evidence,Current Status
1,SPATIAL DNA — TRANSFER INDEX & PROVENANCE MAP,System Causal Execution Chain,Deterministic flow of data and state transitions,8-step pipeline from Job Inception to Gemini Canvas Rendering,Not in source,Not in source,Not in source,Not in source,Not in source,Not in source,Not in source,Not in source,Not in source,Not in source,Not in source,Not in source,Not in source,Not in source,Not in source,Not in source,Not in source,Not in source,Not in source,Not in source,Not in source,Not in source,Not in source,Not in source,Not in source,Not in source,Not in source,Not in source,Not in source,Not in source,Not in source
2,"STAGE 2 — Candidate Evidence Substrate, Graph Atoms & Binding Gate",Data Inventory / Process Stage,Ground-truth evidentiary substrate of the candidate,"44 immutable candidate atoms, 11 relational edges, 6 origin planes, Binding Gate",Candidate DNA Knowledge Graph (nodes.jsonl / edges.jsonl),STAGE_02_SPATIAL_DNA_CORE,PROVEN BY ARTIFACT,Contains node definitions and 11 relational graph edges connecting candidate atoms.,Not in source,Not in source,Not in source,Not in source,Not in source,Not in source,Not in source,Not in source,Not in source,Not in source,Not in source,Not in source,Not in source,Not in source,Not in source,Not in source,Not in source,Not in source,Not in source,Not in source,Not in source,Not in source,Not in source,Not in source,Not in source,Not in source,Not in source
3,STAGE 3 — SPATIAL COORDINATE ENGINE & EXACT 25-ATOM SAMPLE,Technical Specification / Verification Sample,Spatial Engine & Calibration,"Stage ID, Coordinate Formulas, Azimuth Anchors, 25-Atom Verification Data",STAGE 3 — SPATIAL COORDINATE ENGINE,STAGE_03_SPATIAL_COORDINATES,PROVEN BY EXECUTION,"Converts bound candidate atoms into an observable, deterministic 3D coordinate space.",Not in source,Not in source,Not in source,Not in source,Not in source,Not in source,Not in source,Not in source,Not in source,Not in source,Not in source,Not in source,Not in source,Not in source,Not in source,Not in source,Not in source,Not in source,Not in source,Not in source,Not in source,Not in source,Not in source,Not in source,Not in source,Not in source,Not in source
4,STAGE 4 — MACHINE-READABLE SPATIAL & DYNAMIC LAYOUT PAYLOAD,Data Specification,Durable machine-readable data packet for layout engines,"Stage ID, Purpose, Inputs, Transformation, Outputs, Dependencies, Consumers, Evidence Status",MARA_LAYOUT_PAYLOAD_v1,STAGE_04_PAYLOAD_LAYOUT,PROVEN BY ARTIFACT,Machine-readable data packet consumed by downstream layout engines and renderers,Not in source,Not in source,Not in source,Not in source,Not in source,Not in source,Not in source,Not in source,Not in source,Not in source,Not in source,Not in source,Not in source,Not in source,Not in source,Not in source,Not in source,Not in source,Not in source,Not in source,Not in source,Not in source,Not in source,Not in source,Not in source,Not in source,Not in source
5,"STAGE 5 — TEST CANVAS, WEBGL STAGE & ROUND-TRIP VALIDATION",Document Excerpt,Independent visual verification boundary,"Context, Lifecycle, Inputs/Outputs, Dependencies, Consumers, Evidence Status",ThreeSpatialStage.tsx,STAGE_05_TEST_CANVAS,PROVEN BY ARTIFACT,Three.js component source code for visual topology,Not in source,Not in source,Not in source,Not in source,Not in source,Not in source,Not in source,Not in source,Not in source,Not in source,Not in source,Not in source,Not in source,Not in source,Not in source,Not in source,Not in source,Not in source,Not in source,Not in source,Not in source,Not in source,Not in source,Not in source,Not in source,Not in source,Not in source
6,"STAGE 1 — JOB INCEPTION, NORMALIZATION & DEMAND DECOMPOSITION",Process Stage,Normalization & Demand Decomposition,"Establishes target demand entry point, ingests raw postings, enforces structural normalization",SCOUT_TARGET_OBSERVATION_v1,STAGE_01_JOB_INCEPTION,PROVEN BY ARTIFACT,Output envelope containing target demand entry points and receptors.,Not in source,Not in source,Not in source,Not in source,Not in source,Not in source,Not in source,Not in source,Not in source,Not in source,Not in source,Not in source,Not in source,Not in source,Not in source,Not in source,Not in source,Not in source,Not in source,Not in source,Not in source,Not in source,Not in source,Not in source,Not in source,Not in source,Not in source
7,FORENSIC POSTMORTEM & PROVEN VS UNPROVEN LEDGER,Forensic Analysis / Ledger,Source Document,"Experimental parameters, spatial DNA architecture, workflow paths",candidate_spatial_dna_nodes.jsonl,Not in source,PROVEN BY ARTIFACT,Extraction of 44 nodes with dual provenance.,Not in source,Not in source,Not in source,Not in source,Not in source,Not in source,Not in source,Not in source,Not in source,Not in source,Not in source,Not in source,Not in source,Not in source,Not in source,Not in source,Not in source,Not in source,Not in source,Not in source,Not in source,Not in source,Not in source,Not in source,Not in source,Not in source,Not in source
8,GPT WORK EXECUTION HANDOFF: SPATIAL DNA CONTEXT TRANSFER,Markdown Document,Systems Architecture / Evidence Custodian,"Project definition, 3D coordinate bounds, atemporal capability graph description",Not in source,Not in source,Not in source,Not in source,Not in source,Not in source,Not in source,Not in source,Not in source,Not in source,Not in source,Not in source,Not in source,Not in source,Not in source,Not in source,Not in source,Not in source,Not in source,Not in source,Not in source,Not in source,Not in source,Not in source,Not in source,Not in source,Not in source,Not in source,Not in source,Not in source,Not in source
3,Not in source,Not in source,Not in source,Not in source,Not in source,Not in source,VERIFIED,Not in source,Not in source,Not in source,Not in source,Not in source,Not in source,Not in source,Not in source,Not in source,Exact 25-Atom Verification Sample,ID-001,"X: 9.69, Y: -0.8, Z: 2.24, R: 9.95","X: 9.69, Y: -0.8, Z: 2.24, R: 9.95",ID-001,plane_01,Identity,9.69,-0.8,2.24,9.95,Not in source,Not in source,Not in source,Not in source,Not in source,Not in source,Not in source,Not in source
3,Not in source,Not in source,Not in source,Not in source,Not in source,Not in source,Not in source,Not in source,Not in source,Not in source,Not in source,Not in source,Not in source,Not in source,Not in source,Not in source,Not in source,Not in source,Not in source,Not in source,WH-TWIN-003,plane_02,Work History,0.83,4.1,4.27,4.35,Not in source,Not in source,Not in source,Not in source,Not in source,Not in source,Not in source,Not in source
3,Not in source,Not in source,Not in source,Not in source,Not in source,Not in source,Not in source,Not in source,Not in source,Not in source,Not in source,Not in source,Not in source,Not in source,Not in source,Not in source,Not in source,Not in source,Not in source,Not in source,PS-MBTI-001,plane_05,Psychometric Profile,-5.71,1.0,-0.7,5.75,Not in source,Not in source,Not in source,Not in source,Not in source,Not in source,Not in source,Not in source
3,Not in source,Not in source,Not in source,Not in source,Not in source,Not in source,Not in source,Not in source,Not in source,Not in source,Not in source,Not in source,Not in source,Not in source,Not in source,Not in source,Not in source,Not in source,Not in source,Not in source,RF-UNPOP-001,plane_06,References,-1.9,-2.8,-9.77,9.95,Not in source,Not in source,Not in source,Not in source,Not in source,Not in source,Not in source,Not in source
5,Not in source,Not in source,Not in source,Not in source,Not in source,Not in source,Not in source,Not in source,Not in source,Not in source,Not in source,Not in source,Not in source,Not in source,Not in source,Not in source,Step 2 (Single Atom Injection),"WH-TWIN-001 at (0.00, 4.10, 4.35)",Single amber node at ceiling,Not in source,WH-TWIN-001,Ceiling,Solid Ray (Direct),0.00,4.10,4.35,Not in source,"Origin (0,0,0)",Not in source,Not in source,Not in source,Not in source,Not in source,Not in source,Not in source
5,Not in source,Not in source,Not in source,Not in source,Not in source,Not in source,Not in source,Not in source,Not in source,Not in source,Not in source,Not in source,Not in source,Not in source,Not in source,Not in source,Step 3 (Quarantine Verification),"WH-BOBC-001 at (-1.12, -2.80, 7.06)",Node in floor zone with marker,Not in source,WH-BOBC-001,Floor Zone,Downward Quarantine,-1.12,-2.80,7.06,Not in source,Not in source,Not in source,Not in source,Not in source,Not in source,Not in source,Not in source,Not in source
6,Not in source,Not in source,Not in source,Not in source,Not in source,Not in source,Not in source,Not in source,Not in source,Not in source,Not in source,Not in source,Not in source,Not in source,Not in source,Not in source,Not in source,Not in source,Not in source,Not in source,JOB-002,Demand,Strong,Not in source,Not in source,Not in source,5,D_01 / D_02,Not in source,Not in source,Not in source,Not in source,Not in source,Not in source,Not in source
6,Not in source,Not in source,Not in source,Not in source,Not in source,Not in source,COMPLETE,Not in source,Not in source,Not in source,Not in source,Not in source,Not in source,Not in source,Not in source,Not in source,Salary Benchmark Calculation,127 Jobs,"$74,030.87","$74,030.87",Not in source,Not in source,Not in source,Not in source,Not in source,Not in source,Not in source,Not in source,Not in source,Not in source,Not in source,Not in source,Not in source,Not in source,Not in source
8,Not in source,Not in source,Not in source,Not in source,Not in source,Not in source,Frozen by Contract,Not in source,Not in source,Not in source,Not in source,Not in source,Not in source,44 Atoms Preservation,atom_id primary key,PROVEN BY ARTIFACT,Not in source,Not in source,Not in source,Not in source,C01..C44,plane_01..06,DIRECT_BIND,-10..10,-5..5,-10..10,$sqrt(X^2+Z^2)$,D_01..D_n,Not in source,Not in source,Not in source,Not in source,Not in source,Not in source,Not in source
7,Not in source,Not in source,Not in source,Not in source,Not in source,Not in source,Not in source,Not in source,Not in source,Not in source,Not in source,Not in source,Not in source,Not in source,Not in source,Not in source,Not in source,Not in source,Not in source,Not in source,Atomic Nodes,Origin Planes (6),Binding gate strength,Deterministic,Deterministic,Deterministic,Deterministic,JOB_002,Not in source,Not in source,Not in source,Not in source,Not in source,Not in source,Not in source
2,Not in source,Not in source,Not in source,Not in source,Not in source,Not in source,Not in source,Not in source,Not in source,Not in source,Not in source,Not in source,Not in source,Not in source,Not in source,Not in source,Not in source,Not in source,Not in source,Not in source,Not in source,plane_06,Not in source,Not in source,Not in source,Not in source,Not in source,Not in source,Not in source,Not in source,Not in source,CONF-01 Bobcat Bonnie's tenure,Timeline dispute,2,Quarantined at y = -2.80
2,Not in source,Not in source,Not in source,Not in source,Not in source,Not in source,Not in source,Not in source,Not in source,Not in source,Not in source,Not in source,Not in source,Not in source,Not in source,Not in source,Not in source,Not in source,Not in source,Not in source,Not in source,Not in source,Not in source,Not in source,Not in source,Not in source,Not in source,Not in source,Not in source,Not in source,Not in source,CONF-02 Applebee's title,Payroll/Summary conflict,2,Restricted to verified role
2,Not in source,Not in source,Not in source,Not in source,Not in source,Not in source,Not in source,Not in source,Not in source,Not in source,Not in source,Not in source,Not in source,Not in source,Not in source,Not in source,Not in source,Not in source,Not in source,Not in source,Not in source,Not in source,Not in source,Not in source,Not in source,Not in source,Not in source,Not in source,Not in source,Not in source,Not in source,CONF-05 Oakland University degree,In progress vs completed,2,Degree claims blocked
7,Not in source,Not in source,Not in source,Not in source,Not in source,Not in source,Not in source,Not in source,Not in source,Not in source,Not in source,Not in source,Not in source,Not in source,Not in source,Not in source,Not in source,Not in source,Not in source,Not in source,Not in source,Not in source,Not in source,Not in source,Not in source,Not in source,Not in source,Not in source,Not in source,Not in source,Not in source,Angular Azimuth ( $\theta$ ),Must back-calculate arctan(X/Z),7,Omitted from atom objects
6,Not in source,Not in source,Not in source,Not in source,Not in source,Not in source,Not in source,Not in source,Not in source,Not in source,Not in source,Not in source,Not in source,Automated extraction from URLs,None,CLAIMED BUT UNVERIFIED,Not in source,Not in source,Not in source,Not in source,Not in source,Not in source,Not in source,Not in source,Not in source,Not in source,Not in source,Not in source,Not in source,Not in source,Not in source,Automated URL extraction,Required for scale,6,CLAIMED BUT UNVERIFIED
5,Not in source,Not in source,Not in source,Not in source,Not in source,Not in source,CLAIMED BUT NOT VERIFIED,Not in source,Not in source,Not in source,Not in source,Not in source,Not in source,Live standalone rendering,Gemini Canvas instance,CLAIMED BUT NOT VERIFIED,Not in source,Not in source,Not in source,Not in source,Not in source,Not in source,Not in source,Not in source,Not in source,Not in source,Not in source,Not in source,Not in source,Not in source,Not in source,Live rendering,Independent verification,5,Not present
4,Not in source,Not in source,Not in source,Not in source,Not in source,Not in source,Not present,Not in source,Not in source,Not in source,Not in source,Not in source,Not in source,Not in source,Not in source,Not in source,Not in source,Not in source,Not in source,Not in source,Not in source,Not in source,Not in source,Not in source,Not in source,Not in source,Not in source,Not in source,MARA_LAYOUT_PAYLOAD_v1,v1,"Metadata, demand_envelope, elements",Not in source,Not in source,Not in source,Not in source
1,Not in source,Not in source,Not in source,Not in source,Not in source,Not in source,Not in source,Not in source,Not in source,Not in source,Not in source,Not in source,Not in source,Not in source,Not in source,Not in source,Not in source,Not in source,Not in source,Not in source,Not in source,Not in source,Not in source,Not in source,Not in source,Not in source,Not in source,Not in source,SPATIAL_DNA_STAGE_v1,v1,WebGL 6-face bounding volume,Not in source,Not in source,Not in source,Not in source
3,Not in source,Not in source,Not in source,Not in source,Not in source,STAGE_03_SPATIAL_COORDINATES,Not in source,Not in source,Spatial Coordinate Engine,"Evaluated atoms, Planes, Receptors","3D Coordinates (X,Y,Z,R), Polarity",Stage 2 Evidence,Stage 4/5,Not in source,Not in source,Not in source,Not in source,Not in source,Not in source,Not in source,Not in source,Not in source,Not in source,Not in source,Not in source,Not in source,Not in source,Not in source,Not in source,Not in source,Not in source,Not in source,Not in source,Not in source,Not in source
2,Not in source,Not in source,Not in source,Not in source,Not in source,STAGE_02_SPATIAL_DNA_CORE,Not in source,Not in source,Binding Gate,"Knowledge Graph, Receptors",Evaluated atom array,Stage 1 Receptors,Stage 3 Projection,Not in source,Not in source,Not in source,Not in source,Not in source,Not in source,Not in source,Not in source,Not in source,Not in source,Not in source,Not in source,Not in source,Not in source,Not in source,Not in source,Not in source,Not in source,Not in source,Not in source,Not in source,Not in source
6,Not in source,Not in source,Not in source,Not in source,Not in source,STAGE_01_JOB_INCEPTION,Not in source,Not in source,Spatial DNA Normalizer,Raw job postings,SCOUT_TARGET_OBSERVATION_v1,SCOUT runner,Stage 2 Traversal,Not in source,Not in source,Not in source,Not in source,Not in source,Not in source,Not in source,Not in source,Not in source,Not in source,Not in source,Not in source,Not in source,Not in source,Not in source,Not in source,Not in source,Not in source,Not in source,Not in source,Not in source,Not in source
1,Not in source,Not in source,Not in source,Not in source,Not in source,6. SPATIAL PROJECTION,Not in source,Not in source,Not in source,Candidate Atoms,Cartesian coordinates,BINDING GATE,SPATIAL & LAYOUT PAYLOAD,Not in source,Not in source,Not in source,Not in source,Not in source,Not in source,Not in source,Not in source,4 lateral planes,Not in source,Computed,Computed,Computed,Vertical polarity,Not in source,Not in source,Not in source,Not in source,Not in source,Not in source,Not in source,Not in source
